[{"model": "auth.permission", "pk": 1, "fields": {"name": "Can add log entry", "content_type": 1, "codename": "add_logentry"}}, {"model": "auth.permission", "pk": 2, "fields": {"name": "Can change log entry", "content_type": 1, "codename": "change_logentry"}}, {"model": "auth.permission", "pk": 3, "fields": {"name": "Can delete log entry", "content_type": 1, "codename": "delete_logentry"}}, {"model": "auth.permission", "pk": 4, "fields": {"name": "Can view log entry", "content_type": 1, "codename": "view_logentry"}}, {"model": "auth.permission", "pk": 5, "fields": {"name": "Can add permission", "content_type": 2, "codename": "add_permission"}}, {"model": "auth.permission", "pk": 6, "fields": {"name": "Can change permission", "content_type": 2, "codename": "change_permission"}}, {"model": "auth.permission", "pk": 7, "fields": {"name": "Can delete permission", "content_type": 2, "codename": "delete_permission"}}, {"model": "auth.permission", "pk": 8, "fields": {"name": "Can view permission", "content_type": 2, "codename": "view_permission"}}, {"model": "auth.permission", "pk": 9, "fields": {"name": "Can add group", "content_type": 3, "codename": "add_group"}}, {"model": "auth.permission", "pk": 10, "fields": {"name": "Can change group", "content_type": 3, "codename": "change_group"}}, {"model": "auth.permission", "pk": 11, "fields": {"name": "Can delete group", "content_type": 3, "codename": "delete_group"}}, {"model": "auth.permission", "pk": 12, "fields": {"name": "Can view group", "content_type": 3, "codename": "view_group"}}, {"model": "auth.permission", "pk": 13, "fields": {"name": "Can add content type", "content_type": 4, "codename": "add_contenttype"}}, {"model": "auth.permission", "pk": 14, "fields": {"name": "Can change content type", "content_type": 4, "codename": "change_contenttype"}}, {"model": "auth.permission", "pk": 15, "fields": {"name": "Can delete content type", "content_type": 4, "codename": "delete_contenttype"}}, {"model": "auth.permission", "pk": 16, "fields": {"name": "Can view content type", "content_type": 4, "codename": "view_contenttype"}}, {"model": "auth.permission", "pk": 17, "fields": {"name": "Can add session", "content_type": 5, "codename": "add_session"}}, {"model": "auth.permission", "pk": 18, "fields": {"name": "Can change session", "content_type": 5, "codename": "change_session"}}, {"model": "auth.permission", "pk": 19, "fields": {"name": "Can delete session", "content_type": 5, "codename": "delete_session"}}, {"model": "auth.permission", "pk": 20, "fields": {"name": "Can view session", "content_type": 5, "codename": "view_session"}}, {"model": "auth.permission", "pk": 21, "fields": {"name": "Can add \u041a\u0430\u0442\u0435\u0433\u043e\u0440\u0438\u044f", "content_type": 6, "codename": "add_productcategory"}}, {"model": "auth.permission", "pk": 22, "fields": {"name": "Can change \u041a\u0430\u0442\u0435\u0433\u043e\u0440\u0438\u044f", "content_type": 6, "codename": "change_productcategory"}}, {"model": "auth.permission", "pk": 23, "fields": {"name": "Can delete \u041a\u0430\u0442\u0435\u0433\u043e\u0440\u0438\u044f", "content_type": 6, "codename": "delete_productcategory"}}, {"model": "auth.permission", "pk": 24, "fields": {"name": "Can view \u041a\u0430\u0442\u0435\u0433\u043e\u0440\u0438\u044f", "content_type": 6, "codename": "view_productcategory"}}, {"model": "auth.permission", "pk": 25, "fields": {"name": "Can add \u041f\u0440\u043e\u0434\u0443\u043a\u0442", "content_type": 7, "codename": "add_product"}}, {"model": "auth.permission", "pk": 26, "fields": {"name": "Can change \u041f\u0440\u043e\u0434\u0443\u043a\u0442", "content_type": 7, "codename": "change_product"}}, {"model": "auth.permission", "pk": 27, "fields": {"name": "Can delete \u041f\u0440\u043e\u0434\u0443\u043a\u0442", "content_type": 7, "codename": "delete_product"}}, {"model": "auth.permission", "pk": 28, "fields": {"name": "Can view \u041f\u0440\u043e\u0434\u0443\u043a\u0442", "content_type": 7, "codename": "view_product"}}, {"model": "auth.permission", "pk": 29, "fields": {"name": "Can add \u041f\u043e\u043b\u044c\u0437\u043e\u0432\u0430\u0442\u0435\u043b\u044c", "content_type": 8, "codename": "add_shopuser"}}, {"model": "auth.permission", "pk": 30, "fields": {"name": "Can change \u041f\u043e\u043b\u044c\u0437\u043e\u0432\u0430\u0442\u0435\u043b\u044c", "content_type": 8, "codename": "change_shopuser"}}, {"model": "auth.permission", "pk": 31, "fields": {"name": "Can delete \u041f\u043e\u043b\u044c\u0437\u043e\u0432\u0430\u0442\u0435\u043b\u044c", "content_type": 8, "codename": "delete_shopuser"}}, {"model": "auth.permission", "pk": 32, "fields": {"name": "Can view \u041f\u043e\u043b\u044c\u0437\u043e\u0432\u0430\u0442\u0435\u043b\u044c", "content_type": 8, "codename": "view_shopuser"}}, {"model": "auth.permission", "pk": 33, "fields": {"name": "Can add \u041a\u043e\u0440\u0437\u0438\u043d\u0430", "content_type": 9, "codename": "add_basket"}}, {"model": "auth.permission", "pk": 34, "fields": {"name": "Can change \u041a\u043e\u0440\u0437\u0438\u043d\u0430", "content_type": 9, "codename": "change_basket"}}, {"model": "auth.permission", "pk": 35, "fields": {"name": "Can delete \u041a\u043e\u0440\u0437\u0438\u043d\u0430", "content_type": 9, "codename": "delete_basket"}}, {"model": "auth.permission", "pk": 36, "fields": {"name": "Can view \u041a\u043e\u0440\u0437\u0438\u043d\u0430", "content_type": 9, "codename": "view_basket"}}, {"model": "auth.permission", "pk": 37, "fields": {"name": "Can add association", "content_type": 11, "codename": "add_association"}}, {"model": "auth.permission", "pk": 38, "fields": {"name": "Can change association", "content_type": 11, "codename": "change_association"}}, {"model": "auth.permission", "pk": 39, "fields": {"name": "Can delete association", "content_type": 11, "codename": "delete_association"}}, {"model": "auth.permission", "pk": 40, "fields": {"name": "Can view association", "content_type": 11, "codename": "view_association"}}, {"model": "auth.permission", "pk": 41, "fields": {"name": "Can add code", "content_type": 12, "codename": "add_code"}}, {"model": "auth.permission", "pk": 42, "fields": {"name": "Can change code", "content_type": 12, "codename": "change_code"}}, {"model": "auth.permission", "pk": 43, "fields": {"name": "Can delete code", "content_type": 12, "codename": "delete_code"}}, {"model": "auth.permission", "pk": 44, "fields": {"name": "Can view code", "content_type": 12, "codename": "view_code"}}, {"model": "auth.permission", "pk": 45, "fields": {"name": "Can add nonce", "content_type": 13, "codename": "add_nonce"}}, {"model": "auth.permission", "pk": 46, "fields": {"name": "Can change nonce", "content_type": 13, "codename": "change_nonce"}}, {"model": "auth.permission", "pk": 47, "fields": {"name": "Can delete nonce", "content_type": 13, "codename": "delete_nonce"}}, {"model": "auth.permission", "pk": 48, "fields": {"name": "Can view nonce", "content_type": 13, "codename": "view_nonce"}}, {"model": "auth.permission", "pk": 49, "fields": {"name": "Can add user social auth", "content_type": 10, "codename": "add_usersocialauth"}}, {"model": "auth.permission", "pk": 50, "fields": {"name": "Can change user social auth", "content_type": 10, "codename": "change_usersocialauth"}}, {"model": "auth.permission", "pk": 51, "fields": {"name": "Can delete user social auth", "content_type": 10, "codename": "delete_usersocialauth"}}, {"model": "auth.permission", "pk": 52, "fields": {"name": "Can view user social auth", "content_type": 10, "codename": "view_usersocialauth"}}, {"model": "auth.permission", "pk": 53, "fields": {"name": "Can add partial", "content_type": 14, "codename": "add_partial"}}, {"model": "auth.permission", "pk": 54, "fields": {"name": "Can change partial", "content_type": 14, "codename": "change_partial"}}, {"model": "auth.permission", "pk": 55, "fields": {"name": "Can delete partial", "content_type": 14, "codename": "delete_partial"}}, {"model": "auth.permission", "pk": 56, "fields": {"name": "Can view partial", "content_type": 14, "codename": "view_partial"}}, {"model": "auth.permission", "pk": 57, "fields": {"name": "Can add shop user profile", "content_type": 15, "codename": "add_shopuserprofile"}}, {"model": "auth.permission", "pk": 58, "fields": {"name": "Can change shop user profile", "content_type": 15, "codename": "change_shopuserprofile"}}, {"model": "auth.permission", "pk": 59, "fields": {"name": "Can delete shop user profile", "content_type": 15, "codename": "delete_shopuserprofile"}}, {"model": "auth.permission", "pk": 60, "fields": {"name": "Can view shop user profile", "content_type": 15, "codename": "view_shopuserprofile"}}, {"model": "auth.permission", "pk": 61, "fields": {"name": "Can add order item", "content_type": 16, "codename": "add_orderitem"}}, {"model": "auth.permission", "pk": 62, "fields": {"name": "Can change order item", "content_type": 16, "codename": "change_orderitem"}}, {"model": "auth.permission", "pk": 63, "fields": {"name": "Can delete order item", "content_type": 16, "codename": "delete_orderitem"}}, {"model": "auth.permission", "pk": 64, "fields": {"name": "Can view order item", "content_type": 16, "codename": "view_orderitem"}}, {"model": "auth.permission", "pk": 65, "fields": {"name": "Can add \u0437\u0430\u043a\u0430\u0437", "content_type": 17, "codename": "add_order"}}, {"model": "auth.permission", "pk": 66, "fields": {"name": "Can change \u0437\u0430\u043a\u0430\u0437", "content_type": 17, "codename": "change_order"}}, {"model": "auth.permission", "pk": 67, "fields": {"name": "Can delete \u0437\u0430\u043a\u0430\u0437", "content_type": 17, "codename": "delete_order"}}, {"model": "auth.permission", "pk": 68, "fields": {"name": "Can view \u0437\u0430\u043a\u0430\u0437", "content_type": 17, "codename": "view_order"}}, {"model": "sessions.session", "pk": "0yex11m675m6xkwdp7aqls4u7zrv8zdd", "fields": {"session_data": "Mjc4YzgzM2RiODZiMzAyMjJhODFlMjRiYjY2ODI3ZGJkZmZjNjMxZTp7InZrLW9hdXRoMl9zdGF0ZSI6IkppR05wVnBvNFhSQ3dCQUxTV1hHOTJsbXBaY3FUdGNQIiwiX2F1dGhfdXNlcl9pZCI6IjUiLCJfYXV0aF91c2VyX2JhY2tlbmQiOiJzb2NpYWxfY29yZS5iYWNrZW5kcy52ay5WS09BdXRoMiIsIl9hdXRoX3VzZXJfaGFzaCI6IjRmNmU4YWMyNzQyMGViNTM2NmI0MDRkYzk2MTM1Nzk3ODIzNzM4ZTgiLCJzb2NpYWxfYXV0aF9sYXN0X2xvZ2luX2JhY2tlbmQiOiJ2ay1vYXV0aDIifQ==", "expire_date": "2019-05-05T09:50:44.848Z"}}, {"model": "sessions.session", "pk": "1dzn0hdpmnbvyk5o0g7kbo46veceny3m", "fields": {"session_data": "YWQyZmE4N2YzMjc5NjZlOWI3ZDAwNWZlZmMxMjdmN2JkYzJiNzVlNjp7fQ==", "expire_date": "2019-04-19T07:13:15.435Z"}}, {"model": "sessions.session", "pk": "43ki99qbuuvptyd7yypkgcj66svq0zzm", "fields": {"session_data": "YWQyZmE4N2YzMjc5NjZlOWI3ZDAwNWZlZmMxMjdmN2JkYzJiNzVlNjp7fQ==", "expire_date": "2019-05-12T16:11:34.081Z"}}, {"model": "sessions.session", "pk": "9f7tvuk2cxsc5ecproqaztlplatduitl", "fields": {"session_data": "ZWE0MDJkMTI1YTU5NTFkM2ZjZTgwZGJkMWE5MTAyMTU4NGI2MjRhZTp7Im5leHQiOiIvIiwidmstb2F1dGgyX3N0YXRlIjoiUTk5T2pHczVqbERIR3VJejVyQTg0WFZrbWFuRmE4VVoifQ==", "expire_date": "2019-05-17T09:29:13.573Z"}}, {"model": "sessions.session", "pk": "aih9tgeba3tj21m3g0zuzy5ouozrvrfy", "fields": {"session_data": "YWQyZmE4N2YzMjc5NjZlOWI3ZDAwNWZlZmMxMjdmN2JkYzJiNzVlNjp7fQ==", "expire_date": "2019-04-19T07:12:41.938Z"}}, {"model": "sessions.session", "pk": "wtbpbmp9kuiheyahs28qw6e76br3vlfl", "fields": {"session_data": "NjUyMGI3ZGZkMzU1OTIyYjVjNTc2OTliOTUxYzg4NWM2NTNlZDA1OTp7InZrLW9hdXRoMl9zdGF0ZSI6IkI0aWdFUWFSVWtiQmlsbHEyVnlMdHFuMnc0WXRLeFBmIn0=", "expire_date": "2019-05-05T09:42:11.658Z"}}, {"model": "mainapp.productcategory", "pk": 2, "fields": {"name": "\u0434\u043e\u043c", "description": ""}}, {"model": "mainapp.productcategory", "pk": 3, "fields": {"name": "\u043e\u0444\u0438\u0441", "description": ""}}, {"model": "mainapp.productcategory", "pk": 4, "fields": {"name": "\u043c\u0435\u0431\u0435\u043b\u044c", "description": ""}}, {"model": "mainapp.productcategory", "pk": 5, "fields": {"name": "\u043c\u043e\u0434\u0435\u0440\u043d", "description": ""}}, {"model": "mainapp.productcategory", "pk": 6, "fields": {"name": "\u043a\u043b\u0430\u0441\u0441\u0438\u043a", "description": ""}}, {"model": "mainapp.product", "pk": 1, "fields": {"category": 3, "name": "\u041e\u0444\u0438\u0441\u043d\u043e\u0435 \u043a\u0440\u0435\u0441\u043b\u043e", "image": "products_images/product-2_dTGPgEc.jpg", "short_desc": "\u041a\u0440\u0435\u0441\u043b\u043e \u0434\u043b\u044f \u043e\u0444\u0438\u0441\u0430", "description": "", "price": "2000.00", "quantity": -3, "is_active": false}}, {"model": "mainapp.product", "pk": 2, "fields": {"category": 5, "name": "\u0414\u0438\u0432\u0430\u043d \u0434\u043b\u044f \u0441\u043e\u0432\u0440\u0435\u043c\u0435\u043d\u043d\u043e\u0433\u043e \u0434\u043e\u043c\u0430", "image": "products_images/product-3-sm_0WQymzl.jpg", "short_desc": "\u041f\u0440\u043e\u0441\u0442\u043e\u0439 \u043e\u0440\u0438\u0433\u0438\u043d\u0430\u043b\u044c\u043d\u044b\u0439 \u0434\u0438\u0432\u0430\u043d", "description": "", "price": "1500.00", "quantity": 10, "is_active": true}}, {"model": "mainapp.product", "pk": 3, "fields": {"category": 6, "name": "\u0421\u0442\u0443\u043b \u043e\u0431\u0435\u0434\u0435\u043d\u043d\u044b\u0439", "image": "products_images/product-4_2KanSqJ.jpg", "short_desc": "\u041a\u043b\u0430\u0441\u0441\u0438\u0447\u0435\u0441\u043a\u0438\u0439 \u0441\u0442\u0443\u043b \u0434\u043b\u044f \u043a\u0443\u0445\u043d\u0438", "description": "", "price": "550.00", "quantity": 11, "is_active": true}}, {"model": "mainapp.product", "pk": 4, "fields": {"category": 4, "name": "\u041b\u0430\u043c\u043f\u0430 \u043d\u0430\u0441\u0442\u043e\u043b\u044c\u043d\u0430\u044f", "image": "products_images/product-31_8CHKUYk.jpg", "short_desc": "\u041e\u0440\u0438\u0433\u0438\u043d\u0430\u043b\u044c\u043d\u0430\u044f \u043d\u0430\u0441\u0442\u043e\u043b\u044c\u043d\u0430\u044f \u043b\u0430\u043c\u043f\u0430", "description": "", "price": "1400.00", "quantity": 93, "is_active": true}}, {"model": "mainapp.product", "pk": 5, "fields": {"category": 4, "name": "\u0427\u0430\u0441\u044b \u043d\u0430\u0441\u0442\u0435\u043d\u043d\u044b\u0435", "image": "products_images/product-4-sm_VvBhBez.jpg", "short_desc": "\u0427\u0430\u0441\u044b \u043d\u0430\u0441\u0442\u0435\u043d\u043d\u044b\u0435 \u0441 \u043a\u0440\u0443\u0433\u043b\u044b\u043c \u0446\u0438\u0444\u0435\u0440\u0431\u043b\u0430\u0442\u043e\u043c", "description": "", "price": "4000.00", "quantity": 33, "is_active": true}}, {"model": "mainapp.product", "pk": 6, "fields": {"category": 2, "name": "\u041a\u0440\u0435\u0441\u043b\u043e \u0434\u0430\u0447\u043d\u043e\u0435", "image": "products_images/product-21_xRmwxL3.jpg", "short_desc": "\u041a\u0440\u0435\u0441\u043b\u043e \u0434\u043b\u044f \u0434\u0430\u0447\u0438 \u043b\u0435\u0433\u043a\u043e\u0435", "description": "", "price": "3300.00", "quantity": 31, "is_active": false}}, {"model": "mainapp.product", "pk": 7, "fields": {"category": 5, "name": "\u0422\u043e\u0440\u0448\u0435\u0440 \u043f\u0440\u0438\u0441\u0442\u0435\u043d\u043d\u044b\u0439", "image": "products_images/product-2-sm_pCmKy9q.jpg", "short_desc": "\u0422\u043e\u0440\u0448\u0435\u0440 \u0441 \u044d\u0444\u0444\u0435\u043a\u0442\u043e\u043c \u043e\u0442\u0440\u0430\u0436\u0435\u043d\u0438\u044f \u043e\u0442 \u0441\u0442\u0435\u043d\u044b", "description": "", "price": "6000.00", "quantity": 13, "is_active": true}}, {"model": "mainapp.product", "pk": 8, "fields": {"category": 2, "name": "\u041b\u0430\u043c\u043f\u0430 \u043d\u0430\u0441\u0442\u0435\u043d\u043d\u0430\u044f", "image": "products_images/product-41_AyOcxJ7.jpg", "short_desc": "\u041e\u0440\u0438\u0433\u0438\u043d\u0430\u043b\u044c\u043d\u044b\u0439 \u043a\u043e\u043d\u0443\u0441\u043d\u044b\u0439 \u0430\u0431\u0430\u0436\u044e\u0440", "description": "", "price": "4500.00", "quantity": 12, "is_active": true}}, {"model": "mainapp.product", "pk": 9, "fields": {"category": 2, "name": "\u0414\u0438\u0432\u0430\u043d \u0434\u043b\u044f \u0441\u043e\u0432\u0440\u0435\u043c\u0435\u043d\u043d\u043e\u0433\u043e \u0434\u043e\u043c\u0430", "image": "products_images/product-3-sm_ceHnh8S.jpg", "short_desc": "\u041f\u0440\u043e\u0441\u0442\u043e\u0439 \u043e\u0440\u0438\u0433\u0438\u043d\u0430\u043b\u044c\u043d\u044b\u0439 \u0434\u0438\u0432\u0430\u043d", "description": "", "price": "15000.00", "quantity": 20, "is_active": true}}, {"model": "mainapp.product", "pk": 10, "fields": {"category": 2, "name": "\u0414\u0438\u0432\u0430\u043d \u0434\u043b\u044f \u0441\u043e\u0432\u0440\u0435\u043c\u0435\u043d\u043d\u043e\u0433\u043e \u0434\u043e\u043c\u0430", "image": "products_images/product-3-sm_c7OV8GW.jpg", "short_desc": "\u041f\u0440\u043e\u0441\u0442\u043e\u0439 \u043e\u0440\u0438\u0433\u0438\u043d\u0430\u043b\u044c\u043d\u044b\u0439 \u0434\u0438\u0432\u0430\u043d", "description": "", "price": "15000.00", "quantity": 20, "is_active": true}}, {"model": "mainapp.product", "pk": 11, "fields": {"category": 2, "name": "\u0414\u0438\u0432\u0430\u043d \u0434\u043b\u044f \u0441\u043e\u0432\u0440\u0435\u043c\u0435\u043d\u043d\u043e\u0433\u043e \u0434\u043e\u043c\u0430", "image": "products_images/product-3-sm_fsZqcc1.jpg", "short_desc": "\u041f\u0440\u043e\u0441\u0442\u043e\u0439 \u043e\u0440\u0438\u0433\u0438\u043d\u0430\u043b\u044c\u043d\u044b\u0439 \u0434\u0438\u0432\u0430\u043d", "description": "", "price": "15000.00", "quantity": 18, "is_active": true}}, {"model": "mainapp.product", "pk": 12, "fields": {"category": 2, "name": "\u0414\u0438\u0432\u0430\u043d \u043e\u0444\u0438\u0441\u043d\u044b\u0439", "image": "products_images/product-3-sm_po19Noo.jpg", "short_desc": "\u041f\u0440\u043e\u0441\u0442\u043e\u0439 \u043e\u0440\u0438\u0433\u0438\u043d\u0430\u043b\u044c\u043d\u044b\u0439 \u0434\u0438\u0432\u0430\u043d", "description": "", "price": "15000.00", "quantity": 19, "is_active": true}}, {"model": "mainapp.product", "pk": 13, "fields": {"category": 4, "name": "\u0414\u0438\u0432\u0430\u043d \u0434\u043b\u044f \u0441\u043e\u0432\u0440\u0435\u043c\u0435\u043d\u043d\u043e\u0433\u043e \u0434\u043e\u043c\u0430", "image": "products_images/product-3-sm_MkHkKAA.jpg", "short_desc": "", "description": "", "price": "15000.00", "quantity": 18, "is_active": true}}, {"model": "mainapp.product", "pk": 14, "fields": {"category": 4, "name": "\u0414\u0438\u0432\u0430\u043d \u0434\u043b\u044f \u0441\u043e\u0432\u0440\u0435\u043c\u0435\u043d\u043d\u043e\u0433\u043e \u0434\u043e\u043c\u0430", "image": "products_images/product-3-sm_zddxKLu.jpg", "short_desc": "", "description": "", "price": "15000.00", "quantity": 19, "is_active": true}}, {"model": "mainapp.product", "pk": 16, "fields": {"category": 5, "name": "\u041a\u0440\u0435\u0441\u043b\u043e \u0434\u0430\u0447\u043d\u043e\u0435", "image": "products_images/product-21_AuBZIm7.jpg", "short_desc": "", "description": "", "price": "4300.00", "quantity": 16, "is_active": true}}, {"model": "mainapp.product", "pk": 17, "fields": {"category": 2, "name": "\u041b\u0430\u043c\u043f\u0430 \u043d\u0430\u0441\u0442\u043e\u043b\u044c\u043d\u0430\u044f", "image": "products_images/product-6_N8LTusS.jpg", "short_desc": "", "description": "", "price": "1300.00", "quantity": 28, "is_active": true}}, {"model": "mainapp.product", "pk": 18, "fields": {"category": 3, "name": "\u0422\u043e\u0440\u0448\u0435\u0440 \u043f\u0440\u0438\u0441\u0442\u0435\u043d\u043d\u044b\u0439", "image": "products_images/product-2-sm_zuBc6zC.jpg", "short_desc": "", "description": "", "price": "1300.00", "quantity": 27, "is_active": true}}, {"model": "mainapp.product", "pk": 19, "fields": {"category": 5, "name": "\u0421\u0442\u0443\u043f\u043a\u0430 \u043a\u0435\u0440\u0430\u043c\u0438\u0447\u0435\u0441\u043a\u0430\u044f", "image": "products_images/product-5_YmvJZlD.jpg", "short_desc": "", "description": "", "price": "900.00", "quantity": 892, "is_active": false}}, {"model": "mainapp.product", "pk": 20, "fields": {"category": 5, "name": "\u041b\u0430\u043c\u043f\u0430 \u043f\u043e\u0434\u0432\u0435\u0441\u043d\u0430\u044f", "image": "products_images/product-5-sm_M6VSbwI.jpg", "short_desc": "", "description": "", "price": "2300.00", "quantity": 15, "is_active": true}}, {"model": "mainapp.product", "pk": 21, "fields": {"category": 5, "name": "\u041b\u0430\u043c\u043f\u0430 \u043f\u043e\u0434\u0432\u0435\u0441\u043d\u0430\u044f", "image": "products_images/product-5-sm_eWh3mCi.jpg", "short_desc": "", "description": "", "price": "2300.00", "quantity": 13, "is_active": true}}, {"model": "mainapp.product", "pk": 22, "fields": {"category": 5, "name": "\u041b\u0430\u043c\u043f\u0430 \u043f\u043e\u0434\u0432\u0435\u0441\u043d\u0430\u044f", "image": "products_images/product-5-sm_ZHXUVFh.jpg", "short_desc": "", "description": "", "price": "2300.00", "quantity": 9, "is_active": true}}, {"model": "authapp.shopuser", "pk": 1, "fields": {"password": "pbkdf2_sha256$120000$AxpLb8aMqQ8d$yznoKxQ2v5dZdJQ3bqqI1E5fdmQ6wrdeIIlHp53Kt3A=", "last_login": "2019-05-19T18:22:00.317Z", "is_superuser": true, "username": "admin", "first_name": "", "last_name": "", "email": "admin@geekshop.local", "is_staff": true, "is_active": true, "date_joined": "2019-04-04T20:01:47.260Z", "avatar": "", "age": 53, "activation_key": "", "activation_key_expires": "2019-04-30T17:22:18.332Z", "groups": [], "user_permissions": []}}, {"model": "authapp.shopuser", "pk": 2, "fields": {"password": "pbkdf2_sha256$120000$3jaHRBMePqIs$mve57y132+WS0aBcCRtDGraqBbenpFTYJFAO1DLERS8=", "last_login": "2019-04-28T15:51:59.122Z", "is_superuser": false, "username": "mutib", "first_name": "Oleg", "last_name": "", "email": "mitun@mitun.ru", "is_staff": false, "is_active": true, "date_joined": "2019-04-14T12:37:59Z", "avatar": "", "age": 23, "activation_key": "", "activation_key_expires": "2019-04-30T17:22:18.332Z", "groups": [], "user_permissions": []}}, {"model": "authapp.shopuser", "pk": 8, "fields": {"password": "pbkdf2_sha256$120000$8q1h9TGoyKFN$iQ9YWRwj83EelNiUkwZzK2YO8i63EFCQsfvymsjMCfY=", "last_login": "2019-05-21T04:48:28.660Z", "is_superuser": true, "username": "django", "first_name": "", "last_name": "", "email": "", "is_staff": false, "is_active": true, "date_joined": "2019-04-28T16:11:31Z", "avatar": "", "age": 23, "activation_key": "", "activation_key_expires": "2019-04-30T17:22:18.332Z", "groups": [], "user_permissions": []}}, {"model": "authapp.shopuser", "pk": 15, "fields": {"password": "pbkdf2_sha256$120000$yxXnz8QzyOUF$lMNAq83kHJWTGgAl3AQq+JQsJ37zX7SRAi/2xVdH9MU=", "last_login": "2019-05-20T18:53:34.508Z", "is_superuser": false, "username": "geekshop", "first_name": "", "last_name": "", "email": "tutu@tutu.ru", "is_staff": false, "is_active": true, "date_joined": "2019-05-03T08:44:28.771Z", "avatar": "", "age": 34, "activation_key": "369161e7bff33723e86ccc2e78fc54dd4081c5b0", "activation_key_expires": "2019-05-05T08:44:28.771Z", "groups": [], "user_permissions": []}}, {"model": "authapp.shopuserprofile", "pk": 1, "fields": {"tagline": "", "aboutMe": "", "gender": ""}}, {"model": "authapp.shopuserprofile", "pk": 2, "fields": {"tagline": "", "aboutMe": "", "gender": ""}}, {"model": "authapp.shopuserprofile", "pk": 8, "fields": {"tagline": "", "aboutMe": "", "gender": ""}}, {"model": "authapp.shopuserprofile", "pk": 15, "fields": {"tagline": "", "aboutMe": "\u041b\u044e\u0431\u043b\u044e \u0441\u043f\u043e\u0440\u0442", "gender": "M"}}, {"model": "basketapp.basket", "pk": 2, "fields": {"user": 1, "product": 2, "quantity": 4, "add_datetime": "2019-04-09T08:54:23.259Z"}}, {"model": "basketapp.basket", "pk": 3, "fields": {"user": 1, "product": 3, "quantity": 1, "add_datetime": "2019-04-09T09:09:51.302Z"}}, {"model": "basketapp.basket", "pk": 4, "fields": {"user": 1, "product": 5, "quantity": 2, "add_datetime": "2019-04-12T04:45:41.193Z"}}, {"model": "basketapp.basket", "pk": 5, "fields": {"user": 2, "product": 1, "quantity": 2, "add_datetime": "2019-04-14T13:07:06.888Z"}}, {"model": "basketapp.basket", "pk": 6, "fields": {"user": 2, "product": 4, "quantity": 3, "add_datetime": "2019-04-14T13:10:37.662Z"}}, {"model": "basketapp.basket", "pk": 7, "fields": {"user": 2, "product": 6, "quantity": 2, "add_datetime": "2019-04-14T13:27:35.947Z"}}, {"model": "basketapp.basket", "pk": 8, "fields": {"user": 2, "product": 5, "quantity": 3, "add_datetime": "2019-04-14T14:36:52.100Z"}}, {"model": "basketapp.basket", "pk": 9, "fields": {"user": 2, "product": 3, "quantity": 2, "add_datetime": "2019-04-14T14:38:14.745Z"}}, {"model": "basketapp.basket", "pk": 10, "fields": {"user": 2, "product": 7, "quantity": 2, "add_datetime": "2019-04-14T14:45:16.652Z"}}, {"model": "basketapp.basket", "pk": 11, "fields": {"user": 1, "product": 6, "quantity": 2, "add_datetime": "2019-04-15T22:39:48.556Z"}}, {"model": "basketapp.basket", "pk": 12, "fields": {"user": 1, "product": 1, "quantity": 3, "add_datetime": "2019-04-20T10:19:19.106Z"}}, {"model": "basketapp.basket", "pk": 13, "fields": {"user": 2, "product": 8, "quantity": 2, "add_datetime": "2019-04-20T10:25:10.947Z"}}, {"model": "basketapp.basket", "pk": 45, "fields": {"user": 15, "product": 1, "quantity": 9, "add_datetime": "2019-05-20T21:37:44.430Z"}}, {"model": "basketapp.basket", "pk": 46, "fields": {"user": 15, "product": 17, "quantity": 7, "add_datetime": "2019-05-20T21:37:52.932Z"}}, {"model": "basketapp.basket", "pk": 47, "fields": {"user": 15, "product": 19, "quantity": 3, "add_datetime": "2019-05-20T21:38:06.315Z"}}, {"model": "ordersapp.order", "pk": 1, "fields": {"user": 15, "created": "2019-05-12T14:36:27.126Z", "updated": "2019-05-12T15:48:57.500Z", "status": "FM", "is_active": false}}, {"model": "ordersapp.order", "pk": 2, "fields": {"user": 15, "created": "2019-05-12T15:48:01.055Z", "updated": "2019-05-17T06:30:56.619Z", "status": "FM", "is_active": false}}, {"model": "ordersapp.order", "pk": 3, "fields": {"user": 15, "created": "2019-05-12T16:14:32.833Z", "updated": "2019-05-12T16:21:43.541Z", "status": "STP", "is_active": true}}, {"model": "ordersapp.order", "pk": 4, "fields": {"user": 8, "created": "2019-05-12T16:24:33.285Z", "updated": "2019-05-12T16:25:12.223Z", "status": "STP", "is_active": true}}, {"model": "ordersapp.order", "pk": 5, "fields": {"user": 8, "created": "2019-05-12T16:25:47.951Z", "updated": "2019-05-21T04:50:41.621Z", "status": "FM", "is_active": false}}, {"model": "ordersapp.order", "pk": 7, "fields": {"user": 15, "created": "2019-05-15T19:32:11.643Z", "updated": "2019-05-19T12:29:43.333Z", "status": "FM", "is_active": false}}, {"model": "ordersapp.order", "pk": 8, "fields": {"user": 15, "created": "2019-05-18T19:03:24.991Z", "updated": "2019-05-18T20:05:00.696Z", "status": "STP", "is_active": true}}, {"model": "ordersapp.order", "pk": 9, "fields": {"user": 15, "created": "2019-05-18T20:03:01.319Z", "updated": "2019-05-19T12:38:33.281Z", "status": "FM", "is_active": false}}, {"model": "ordersapp.order", "pk": 10, "fields": {"user": 15, "created": "2019-05-19T12:39:15.886Z", "updated": "2019-05-19T13:57:18.766Z", "status": "FM", "is_active": true}}, {"model": "ordersapp.order", "pk": 11, "fields": {"user": 15, "created": "2019-05-20T21:36:47.271Z", "updated": "2019-05-20T21:36:47.484Z", "status": "FM", "is_active": true}}, {"model": "ordersapp.order", "pk": 12, "fields": {"user": 8, "created": "2019-05-21T04:52:31.414Z", "updated": "2019-05-21T05:04:26.326Z", "status": "FM", "is_active": false}}, {"model": "ordersapp.order", "pk": 13, "fields": {"user": 8, "created": "2019-05-21T05:04:06.970Z", "updated": "2019-05-21T05:04:30.533Z", "status": "FM", "is_active": false}}, {"model": "ordersapp.orderitem", "pk": 1, "fields": {"order": 1, "product": 4, "quantity": 4}}, {"model": "ordersapp.orderitem", "pk": 3, "fields": {"order": 1, "product": 2, "quantity": 3}}, {"model": "ordersapp.orderitem", "pk": 4, "fields": {"order": 2, "product": 6, "quantity": 3}}, {"model": "ordersapp.orderitem", "pk": 5, "fields": {"order": 3, "product": 4, "quantity": 4}}, {"model": "ordersapp.orderitem", "pk": 6, "fields": {"order": 3, "product": 3, "quantity": 2}}, {"model": "ordersapp.orderitem", "pk": 7, "fields": {"order": 3, "product": 7, "quantity": 1}}, {"model": "ordersapp.orderitem", "pk": 8, "fields": {"order": 4, "product": 1, "quantity": 1}}, {"model": "ordersapp.orderitem", "pk": 9, "fields": {"order": 4, "product": 5, "quantity": 2}}, {"model": "ordersapp.orderitem", "pk": 10, "fields": {"order": 4, "product": 3, "quantity": 5}}, {"model": "ordersapp.orderitem", "pk": 11, "fields": {"order": 4, "product": 4, "quantity": 3}}, {"model": "ordersapp.orderitem", "pk": 12, "fields": {"order": 5, "product": 5, "quantity": 4}}, {"model": "ordersapp.orderitem", "pk": 28, "fields": {"order": 8, "product": 5, "quantity": 2}}, {"model": "ordersapp.orderitem", "pk": 29, "fields": {"order": 8, "product": 3, "quantity": 2}}, {"model": "ordersapp.orderitem", "pk": 30, "fields": {"order": 8, "product": 4, "quantity": 2}}, {"model": "ordersapp.orderitem", "pk": 36, "fields": {"order": 7, "product": 12, "quantity": 1}}, {"model": "ordersapp.orderitem", "pk": 37, "fields": {"order": 7, "product": 6, "quantity": 1}}, {"model": "ordersapp.orderitem", "pk": 38, "fields": {"order": 9, "product": 18, "quantity": 5}}, {"model": "ordersapp.orderitem", "pk": 42, "fields": {"order": 9, "product": 16, "quantity": 5}}, {"model": "ordersapp.orderitem", "pk": 43, "fields": {"order": 9, "product": 19, "quantity": 5}}, {"model": "ordersapp.orderitem", "pk": 44, "fields": {"order": 9, "product": 11, "quantity": 2}}, {"model": "ordersapp.orderitem", "pk": 45, "fields": {"order": 9, "product": 18, "quantity": 3}}, {"model": "ordersapp.orderitem", "pk": 46, "fields": {"order": 10, "product": 21, "quantity": 2}}, {"model": "ordersapp.orderitem", "pk": 48, "fields": {"order": 10, "product": 8, "quantity": 2}}, {"model": "ordersapp.orderitem", "pk": 54, "fields": {"order": 10, "product": 4, "quantity": 2}}, {"model": "ordersapp.orderitem", "pk": 55, "fields": {"order": 10, "product": 16, "quantity": 3}}, {"model": "ordersapp.orderitem", "pk": 56, "fields": {"order": 5, "product": 22, "quantity": 2}}, {"model": "ordersapp.orderitem", "pk": 57, "fields": {"order": 5, "product": 16, "quantity": 2}}, {"model": "ordersapp.orderitem", "pk": 58, "fields": {"order": 11, "product": 8, "quantity": 2}}, {"model": "ordersapp.orderitem", "pk": 59, "fields": {"order": 11, "product": 13, "quantity": 2}}, {"model": "ordersapp.orderitem", "pk": 60, "fields": {"order": 11, "product": 16, "quantity": 2}}, {"model": "ordersapp.orderitem", "pk": 61, "fields": {"order": 12, "product": 3, "quantity": 2}}, {"model": "ordersapp.orderitem", "pk": 62, "fields": {"order": 12, "product": 4, "quantity": 3}}, {"model": "ordersapp.orderitem", "pk": 63, "fields": {"order": 12, "product": 22, "quantity": 4}}, {"model": "ordersapp.orderitem", "pk": 64, "fields": {"order": 13, "product": 14, "quantity": 1}}, {"model": "ordersapp.orderitem", "pk": 65, "fields": {"order": 13, "product": 8, "quantity": 2}}, {"model": "admin.logentry", "pk": 1, "fields": {"action_time": "2019-04-04T20:12:58.723Z", "user": 1, "content_type": 7, "object_id": "1", "object_repr": "\u041e\u0444\u0438\u0441\u043d\u043e\u0435 \u043a\u0440\u0435\u0441\u043b\u043e (office)", "action_flag": 2, "change_message": "[{\"changed\": {\"fields\": [\"name\"]}}]"}}, {"model": "admin.logentry", "pk": 2, "fields": {"action_time": "2019-04-08T21:28:41.469Z", "user": 1, "content_type": 7, "object_id": "2", "object_repr": "\u0421\u0442\u0443\u043b \u043e\u0440\u0438\u0433\u0438\u043d\u0430\u043b\u044c\u043d\u044b\u0439 \u043c\u0430\u043b\u0435\u043d\u044c\u043a\u0438\u0439 (modern)", "action_flag": 2, "change_message": "[{\"changed\": {\"fields\": [\"name\", \"short_desc\"]}}]"}}, {"model": "admin.logentry", "pk": 3, "fields": {"action_time": "2019-04-08T21:33:52.581Z", "user": 1, "content_type": 7, "object_id": "3", "object_repr": "\u0421\u0442\u0443\u043b \u043e\u0431\u0435\u0434\u0435\u043d\u043d\u044b\u0439 (classic)", "action_flag": 2, "change_message": "[{\"changed\": {\"fields\": [\"name\", \"image\", \"short_desc\"]}}]"}}, {"model": "admin.logentry", "pk": 4, "fields": {"action_time": "2019-04-08T21:34:32.007Z", "user": 1, "content_type": 7, "object_id": "1", "object_repr": "\u041e\u0444\u0438\u0441\u043d\u043e\u0435 \u043a\u0440\u0435\u0441\u043b\u043e (office)", "action_flag": 2, "change_message": "[{\"changed\": {\"fields\": [\"image\", \"short_desc\"]}}]"}}, {"model": "admin.logentry", "pk": 5, "fields": {"action_time": "2019-04-08T21:39:54.419Z", "user": 1, "content_type": 7, "object_id": "2", "object_repr": "\u0421\u0442\u0443\u043b \u043e\u0440\u0438\u0433\u0438\u043d\u0430\u043b\u044c\u043d\u044b\u0439 \u043c\u0430\u043b\u0435\u043d\u044c\u043a\u0438\u0439 (modern)", "action_flag": 2, "change_message": "[{\"changed\": {\"fields\": [\"image\"]}}]"}}, {"model": "admin.logentry", "pk": 6, "fields": {"action_time": "2019-04-08T21:41:21.486Z", "user": 1, "content_type": 7, "object_id": "2", "object_repr": "\u0414\u0438\u0432\u0430\u043d \u0434\u043b\u044f \u0441\u043e\u0432\u0440\u0435\u043c\u0435\u043d\u043d\u043e\u0433\u043e \u0434\u043e\u043c\u0430 (modern)", "action_flag": 2, "change_message": "[{\"changed\": {\"fields\": [\"name\", \"image\", \"short_desc\"]}}]"}}, {"model": "admin.logentry", "pk": 7, "fields": {"action_time": "2019-04-08T21:44:16.706Z", "user": 1, "content_type": 6, "object_id": "1", "object_repr": "all", "action_flag": 3, "change_message": ""}}, {"model": "admin.logentry", "pk": 8, "fields": {"action_time": "2019-04-11T18:01:27.332Z", "user": 1, "content_type": 7, "object_id": "4", "object_repr": "\u041b\u0430\u043c\u043f\u0430 \u043d\u0430\u0441\u0442\u043e\u043b\u044c\u043d\u0430\u044f (furniture)", "action_flag": 1, "change_message": "[{\"added\": {}}]"}}, {"model": "admin.logentry", "pk": 9, "fields": {"action_time": "2019-04-11T18:02:57.770Z", "user": 1, "content_type": 7, "object_id": "5", "object_repr": "\u0427\u0430\u0441\u044b \u043d\u0430\u0441\u0442\u0435\u043d\u043d\u044b\u0435 (furniture)", "action_flag": 1, "change_message": "[{\"added\": {}}]"}}, {"model": "admin.logentry", "pk": 10, "fields": {"action_time": "2019-04-11T18:04:15.160Z", "user": 1, "content_type": 7, "object_id": "5", "object_repr": "\u0427\u0430\u0441\u044b \u043d\u0430\u0441\u0442\u0435\u043d\u043d\u044b\u0435 (furniture)", "action_flag": 2, "change_message": "[{\"changed\": {\"fields\": [\"short_desc\"]}}]"}}, {"model": "admin.logentry", "pk": 11, "fields": {"action_time": "2019-04-11T18:06:13.316Z", "user": 1, "content_type": 7, "object_id": "6", "object_repr": "\u041a\u0440\u0435\u0441\u043b\u043e \u0434\u0430\u0447\u043d\u043e\u0435 (home)", "action_flag": 1, "change_message": "[{\"added\": {}}]"}}, {"model": "admin.logentry", "pk": 12, "fields": {"action_time": "2019-04-11T18:30:18.271Z", "user": 1, "content_type": 7, "object_id": "5", "object_repr": "\u0427\u0430\u0441\u044b \u043d\u0430\u0441\u0442\u0435\u043d\u043d\u044b\u0435 (furniture)", "action_flag": 2, "change_message": "[{\"changed\": {\"fields\": [\"image\"]}}]"}}, {"model": "admin.logentry", "pk": 13, "fields": {"action_time": "2019-04-11T18:30:40.842Z", "user": 1, "content_type": 7, "object_id": "6", "object_repr": "\u041a\u0440\u0435\u0441\u043b\u043e \u0434\u0430\u0447\u043d\u043e\u0435 (home)", "action_flag": 2, "change_message": "[{\"changed\": {\"fields\": [\"image\"]}}]"}}, {"model": "admin.logentry", "pk": 14, "fields": {"action_time": "2019-04-11T18:31:46.241Z", "user": 1, "content_type": 7, "object_id": "4", "object_repr": "\u041b\u0430\u043c\u043f\u0430 \u043d\u0430\u0441\u0442\u043e\u043b\u044c\u043d\u0430\u044f (furniture)", "action_flag": 2, "change_message": "[{\"changed\": {\"fields\": [\"image\"]}}]"}}, {"model": "admin.logentry", "pk": 15, "fields": {"action_time": "2019-04-11T19:46:11.412Z", "user": 1, "content_type": 7, "object_id": "7", "object_repr": "\u0422\u043e\u0440\u0448\u0435\u0440 \u043f\u0440\u0438\u0441\u0442\u0435\u043d\u043d\u044b\u0439 (modern)", "action_flag": 1, "change_message": "[{\"added\": {}}]"}}]